Thumbnail,Sequence,Episode,Shot Name,VFX Shot Status,Key Shot,Shot Methodologies,Scope of Work,Vendors,VFX Turnover to Vendor Date,VFX Next Studio Review Date,VFX Final Delivery Date,VFX Final Version,Shot Cost,Currency,Report Date,Report Note
,,101,PEEL_101_SH_0750,SCHED,,CLEANUP,"Bike Rig Clean Up
Check any crew and 
shoot material cleanup",Satya Sai VFX studio,09/09/2026,,,,,,,
,,101,PEEL_101_SH_0760,SCHED,,CLEANUP,"Sunglass Reflection and Mirror Reflection
Wig Touch Up",Satya Sai VFX studio,09/09/2026,,,,,,,
,,101,PEEL_101_SH_0770,SCHED,,CLEANUP,"Sunglass Reflection and Mirror Reflection
Wig Touch Up",Satya Sai VFX studio,09/09/2026,,,,,,,
,,101,PEEL_101_SH_0780,SCHED,,CLEANUP,"Sunglass Reflection and Mirror Reflection
Wig Touch Up",Satya Sai VFX studio,09/09/2026,,,,,,,
,,101,PEEL_101_SH_0790,SCHED,,CLEANUP,"Sunglass Reflection and Mirror Reflection
Wig Touch Up",Satya Sai VFX studio,09/09/2026,,,,,,,
,,101,PEEL_101_SH_0800,SCHED,,CLEANUP,"Sunglass Reflection and Mirror Reflection
Wig Touch Up",Satya Sai VFX studio,09/09/2026,,,,,,,
,,101,PEEL_101_SH_0810,SCHED,,CLEANUP,"Sunglass Reflection and Mirror Reflection
Wig Touch Up",Satya Sai VFX studio,09/09/2026,,,,,,,
,,101,PEEL_101_SH_0820,SCHED,,CLEANUP,"Sunglass Reflection and Mirror Reflection
Wig Touch Up
Brand Clean Up on Bus",Satya Sai VFX studio,09/09/2026,,,,,,,
,,101,PEEL_101_SH_0830,SCHED,,CLEANUP,"Sunglass Reflection and Mirror Reflection
Wig Touch Up",Satya Sai VFX studio,09/09/2026,,,,,,,
,,101,PEEL_101_SH_0970,SCHED,,CLEANUP,Wig Touch Up,Satya Sai VFX studio,09/09/2026,,,,,,,
,,101,PEEL_101_SH_0980,SCHED,,CLEANUP,Wig Touch Up,Satya Sai VFX studio,09/09/2026,,,,,,,
,,101,PEEL_101_SH_1000,SCHED,,CLEANUP,Wig Touch Up,Satya Sai VFX studio,09/09/2026,,,,,,,
,,101,PEEL_101_SH_1010,SCHED,,CLEANUP,"Wig Touch Up
Clean Cutter Stand",Satya Sai VFX studio,09/09/2026,,,,,,,
,,101,PEEL_101_SH_1020,SCHED,,CLEANUP,Wig Touch Up,Satya Sai VFX studio,09/09/2026,,,,,,,
,,101,PEEL_101_SH_1030,SCHED,,CLEANUP,Wig Touch Up,Satya Sai VFX studio,09/09/2026,,,,,,,
,,101,PEEL_101_SH_1040,SCHED,,CLEANUP,Wig Touch Up,Satya Sai VFX studio,09/09/2026,,,,,,,
,,101,PEEL_101_SH_1050,SCHED,,CLEANUP,Wig Touch Up,Satya Sai VFX studio,09/09/2026,,,,,,,
,,101,PEEL_101_SH_1060,SCHED,,CLEANUP,Wig Touch Up,Satya Sai VFX studio,09/09/2026,,,,,,,
,,101,PEEL_101_SH_1070,SCHED,,CLEANUP,Wig Touch Up,Satya Sai VFX studio,09/09/2026,,,,,,,
,,101,PEEL_101_SH_1080,SCHED,,CLEANUP,Wig Touch Up,Satya Sai VFX studio,09/09/2026,,,,,,,
,,101,PEEL_101_SH_1090,SCHED,,CLEANUP,Wig Touch Up,Satya Sai VFX studio,09/09/2026,,,,,,,
,,101,PEEL_101_SH_1100,SCHED,,CLEANUP,Wig Touch Up,Satya Sai VFX studio,09/09/2026,,,,,,,
,,101,PEEL_101_SH_1110,SCHED,,CLEANUP,Wig Touch Up,Satya Sai VFX studio,09/09/2026,,,,,,,
,,101,PEEL_101_SH_1120,SCHED,,CLEANUP,Wig Touch Up,Satya Sai VFX studio,09/09/2026,,,,,,,
,,101,PEEL_101_SH_1130,SCHED,,CLEANUP,Wig Touch Up,Satya Sai VFX studio,09/09/2026,,,,,,,
,,101,PEEL_101_SH_1140,SCHED,,CLEANUP,Wig Touch Up,Satya Sai VFX studio,09/09/2026,,,,,,,
,,101,PEEL_101_SH_1150,SCHED,,CLEANUP,Wig Touch Up,Satya Sai VFX studio,09/09/2026,,,,,,,
,,101,PEEL_101_SH_1160,SCHED,,CLEANUP,Wig Touch Up,Satya Sai VFX studio,09/09/2026,,,,,,,
,,101,PEEL_101_SH_1170,SCHED,,CLEANUP,Wig Touch Up,Satya Sai VFX studio,09/09/2026,,,,,,,
,,101,PEEL_101_SH_1180,SCHED,,CLEANUP,Wig Touch Up,Satya Sai VFX studio,09/09/2026,,,,,,,
,,101,PEEL_101_SH_1190,SCHED,,CLEANUP,Wig Touch Up,Satya Sai VFX studio,09/09/2026,,,,,,,
,,101,PEEL_101_SH_1200,SCHED,,CLEANUP,Wig Touch Up,Satya Sai VFX studio,09/09/2026,,,,,,,
,,101,PEEL_101_SH_1210,SCHED,,CLEANUP,Wig Touch Up,Satya Sai VFX studio,09/09/2026,,,,,,,
,,101,PEEL_101_SH_1220,SCHED,,CLEANUP,Wig Touch Up,Satya Sai VFX studio,09/09/2026,,,,,,,
,,101,PEEL_101_SH_1230,SCHED,,CLEANUP,Wig Touch Up,Satya Sai VFX studio,09/09/2026,,,,,,,
,,101,PEEL_101_SH_1240,SCHED,,CLEANUP,Wig Touch Up,Satya Sai VFX studio,09/09/2026,,,,,,,
,,101,PEEL_101_SH_1250,SCHED,,CLEANUP,Wig Touch Up,Satya Sai VFX studio,09/09/2026,,,,,,,
,,101,PEEL_101_SH_1260,SCHED,,CLEANUP,Wig Touch Up,Satya Sai VFX studio,09/09/2026,,,,,,,
,,101,PEEL_101_SH_1270,SCHED,,CLEANUP,Wig Touch Up,Satya Sai VFX studio,09/09/2026,,,,,,,
,,101,PEEL_101_SH_1280,SCHED,,CLEANUP,"Sunglass Refection
Crew Reflection (Two men on bike)
Check near the gate handle",Satya Sai VFX studio,09/09/2026,,,,,,,
,,101,PEEL_101_SH_1290,SCHED,,CLEANUP,"Crew Reflection on bike 
Brand Clean up on first bike",Satya Sai VFX studio,09/09/2026,,,,,,,
,,101,PEEL_101_SH_1300,SCHED,,CLEANUP,Glass Reflection,Satya Sai VFX studio,09/09/2026,,,,,,,
,,101,PEEL_101_SH_1310,SCHED,,CLEANUP,"Board Replacement
God Frame Clean Up",Satya Sai VFX studio,09/09/2026,,,,,,,
,,101,PEEL_101_SH_1320,SCHED,,CLEANUP,"Board Replacement
God Frame Clean Up",Satya Sai VFX studio,09/09/2026,,,,,,,
,,101,PEEL_101_SH_1330,SCHED,,CLEANUP,"Board Replacement
God Frame Clean Up",Satya Sai VFX studio,09/09/2026,,,,,,,
,,101,PEEL_101_SH_1340,SCHED,,CLEANUP,"Board Replacement
",Satya Sai VFX studio,09/09/2026,,,,,,,
,,101,PEEL_101_SH_1350,SCHED,,CLEANUP,Wig Touch Up,Satya Sai VFX studio,09/09/2026,,,,,,,
,,101,PEEL_101_SH_1370,SCHED,,CLEANUP,Wig Touch Up,Satya Sai VFX studio,09/09/2026,,,,,,,
,,101,PEEL_101_SH_1400,SCHED,,CLEANUP,"Wig Touch Up
Window Clean Up",Satya Sai VFX studio,09/09/2026,,,,,,,
,,101,PEEL_101_SH_1410,SCHED,,CLEANUP,Wig Touch Up,Satya Sai VFX studio,09/09/2026,,,,,,,
,,101,PEEL_101_SH_1420,SCHED,,CLEANUP,Wig Touch Up,Satya Sai VFX studio,09/09/2026,,,,,,,
,,101,PEEL_101_SH_1430,SCHED,,CLEANUP,Wig Touch Up,Satya Sai VFX studio,09/09/2026,,,,,,,
,,101,PEEL_101_SH_1440,SCHED,,CLEANUP,Wig Touch Up,Satya Sai VFX studio,09/09/2026,,,,,,,
,,101,PEEL_101_SH_1450,SCHED,,CLEANUP,Wig Touch Up,Satya Sai VFX studio,09/09/2026,,,,,,,
,,101,PEEL_101_SH_1600,SCHED,,CLEANUP,Wig Touch Up,Satya Sai VFX studio,09/09/2026,,,,,,,
,,101,PEEL_101_SH_1640,SCHED,,CLEANUP,Wig Touch Up,Satya Sai VFX studio,09/09/2026,,,,,,,
,,101,PEEL_101_SH_1690,SCHED,,CLEANUP,Wig Touch Up,Satya Sai VFX studio,09/09/2026,,,,,,,
,,101,PEEL_101_SH_1750,SCHED,,CLEANUP,Wig Touch Up,Satya Sai VFX studio,09/09/2026,,,,,,,
,,101,PEEL_101_SH_1760,SCHED,,CLEANUP,Wig Touch Up,Satya Sai VFX studio,09/09/2026,,,,,,,
,,101,PEEL_101_SH_1780,SCHED,,CLEANUP,Wig Touch Up,Satya Sai VFX studio,09/09/2026,,,,,,,
,,101,PEEL_101_SH_1790,SCHED,,CLEANUP,Wig Touch Up,Satya Sai VFX studio,09/09/2026,,,,,,,
,,101,PEEL_101_SH_1800,SCHED,,CLEANUP,Wig Touch Up,Satya Sai VFX studio,09/09/2026,,,,,,,
,,101,PEEL_101_SH_1810,SCHED,,CLEANUP,Wig Touch Up,Satya Sai VFX studio,09/09/2026,,,,,,,
,,101,PEEL_101_SH_1880,SCHED,,CLEANUP,Wig Touch Up,Satya Sai VFX studio,09/09/2026,,,,,,,
,,101,PEEL_101_SH_1900,SCHED,,CLEANUP,Wig Touch Up,Satya Sai VFX studio,09/09/2026,,,,,,,
,,101,PEEL_101_SH_1920,SCHED,,CLEANUP,Wig Touch Up,Satya Sai VFX studio,09/09/2026,,,,,,,
,,101,PEEL_101_SH_1940,SCHED,,CLEANUP,"Reflection on Sunglass and Bike
Wig Touch Up",Satya Sai VFX studio,09/09/2026,,,,,,,
,,101,PEEL_101_SH_1950,SCHED,,CLEANUP,"Reflection on Sunglass and Bike
Wig Touch Up",Satya Sai VFX studio,09/09/2026,,,,,,,
,,101,PEEL_101_SH_1960,SCHED,,CLEANUP,"Reflection on Sunglass and Bike
Wig Touch Up",Satya Sai VFX studio,09/09/2026,,,,,,,
,,101,PEEL_101_SH_1970,SCHED,,CLEANUP,"Reflection on Sunglass and Bike
Wig Touch Up",Satya Sai VFX studio,09/09/2026,,,,,,,
,,101,PEEL_101_SH_1980,SCHED,,CLEANUP,"Reflection on Sunglass and Bike
Wig Touch Up",Satya Sai VFX studio,09/09/2026,,,,,,,
,,101,PEEL_101_SH_1990,SCHED,,CLEANUP,"Reflection on Sunglass and Bike
Wig Touch Up",Satya Sai VFX studio,09/09/2026,,,,,,,
,,101,PEEL_101_SH_2000,SCHED,,CLEANUP,"Reflection on Sunglass and Bike
Wig Touch Up",Satya Sai VFX studio,09/09/2026,,,,,,,
,,101,PEEL_101_SH_2010,SCHED,,CLEANUP,"Reflection on Sunglass and Bike
Wig Touch Up",Satya Sai VFX studio,09/09/2026,,,,,,,
,,101,PEEL_101_SH_2020,SCHED,,CLEANUP,"Reflection on Sunglass and Bike
Wig Touch Up
Clean Skimmer Shadow on ground",Satya Sai VFX studio,09/09/2026,,,,,,,
,,101,PEEL_101_SH_2030,SCHED,,CLEANUP,"Reflection on Sunglass and Bike
Wig Touch Up",Satya Sai VFX studio,09/09/2026,,,,,,,
,,101,PEEL_101_SH_2040,,,CLEANUP,"Reflection on Sunglass and Bike
Wig Touch Up",Satya Sai VFX studio,09/09/2026,,,,,,,
,,101,PEEL_101_SH_2050,,,CLEANUP,"Reflection on Sunglass and Bike
Wig Touch Up",Satya Sai VFX studio,09/09/2026,,,,,,,
,,101,PEEL_101_SH_2060,,,CLEANUP,"Reflection on Sunglass and Bike
Wig Touch Up",Satya Sai VFX studio,09/09/2026,,,,,,,
,,101,PEEL_101_SH_2070,,,CLEANUP,Camera Clean Up on Glass,Satya Sai VFX studio,09/09/2026,,,,,,,
,,101,PEEL_101_SH_2080,,,CLEANUP,"Reflection on Sunglass and Bike
Wig Touch Up",Satya Sai VFX studio,09/09/2026,,,,,,,
,,101,PEEL_101_SH_2090,,,CLEANUP,"Reflection on Sunglass and Bike
Wig Touch Up",Satya Sai VFX studio,09/09/2026,,,,,,,
,,101,PEEL_101_SH_2100,,,CLEANUP,"Reflection on Sunglass and Bike
Wig Touch Up",Satya Sai VFX studio,09/09/2026,,,,,,,
,,101,PEEL_101_SH_2110,,,CLEANUP,"Reflection on Sunglass and Bike
Wig Touch Up",Satya Sai VFX studio,09/09/2026,,,,,,,
,,101,PEEL_101_SH_2120,,,CLEANUP,"Reflection on Sunglass and Bike
Wig Touch Up",Satya Sai VFX studio,09/09/2026,,,,,,,
,,101,PEEL_101_SH_2130,,,CLEANUP,"Reflection on Sunglass and Bike
Wig Touch Up",Satya Sai VFX studio,09/09/2026,,,,,,,
,,101,PEEL_101_SH_2140,,,CLEANUP,"Reflection on Sunglass and Bike
Wig Touch Up",Satya Sai VFX studio,09/09/2026,,,,,,,
,,101,PEEL_101_SH_2430,,,CLEANUP,Wig Touch Up,Satya Sai VFX studio,09/09/2026,,,,,,,
,,101,PEEL_101_SH_2440,,,CLEANUP,Wig Touch Up,Satya Sai VFX studio,09/09/2026,,,,,,,
,,101,PEEL_101_SH_2450,,,CLEANUP,Wig Touch Up,Satya Sai VFX studio,09/09/2026,,,,,,,
,,101,PEEL_101_SH_2460,,,CLEANUP,Wig Touch Up,Satya Sai VFX studio,09/09/2026,,,,,,,
,,101,PEEL_101_SH_2470,,,CLEANUP,Wig Touch Up,Satya Sai VFX studio,09/09/2026,,,,,,,
,,101,PEEL_101_SH_2480,,,CLEANUP,Wig Touch Up,Satya Sai VFX studio,09/09/2026,,,,,,,
,,101,PEEL_101_SH_2490,,,CLEANUP,Wig Touch Up,Satya Sai VFX studio,09/09/2026,,,,,,,
,,101,PEEL_101_SH_2500,,,CLEANUP,Wig Touch Up,Satya Sai VFX studio,09/09/2026,,,,,,,
,,101,PEEL_101_SH_2520,,,CLEANUP,Wig Touch Up,Satya Sai VFX studio,09/09/2026,,,,,,,
,,101,PEEL_101_SH_2530,,,CLEANUP,Wig Touch Up,Satya Sai VFX studio,09/09/2026,,,,,,,
,,101,PEEL_101_SH_2540,,,CLEANUP,Wig Touch Up,Satya Sai VFX studio,09/09/2026,,,,,,,
,,101,PEEL_101_SH_2550,,,CLEANUP,Wig Touch Up,Satya Sai VFX studio,09/09/2026,,,,,,,
,,101,PEEL_101_SH_2560,,,CLEANUP,Wig Touch Up,Satya Sai VFX studio,09/09/2026,,,,,,,
,,101,PEEL_101_SH_2580,,,CLEANUP,Wig Touch Up,Satya Sai VFX studio,09/09/2026,,,,,,,
,,101,PEEL_101_SH_2610,,,CLEANUP,Wig Touch Up,Satya Sai VFX studio,09/09/2026,,,,,,,
,,101,PEEL_101_SH_2620,,,CLEANUP,Wig Touch Up,Satya Sai VFX studio,09/09/2026,,,,,,,
,,101,PEEL_101_SH_2630,,,CLEANUP,Wig Touch Up,Satya Sai VFX studio,09/09/2026,,,,,,,
,,101,PEEL_101_SH_2640,,,CLEANUP,Wig Touch Up,Satya Sai VFX studio,09/09/2026,,,,,,,
,,101,PEEL_101_SH_2650,,,CLEANUP,Wig Touch Up,Satya Sai VFX studio,09/09/2026,,,,,,,
,,101,PEEL_101_SH_2660,,,CLEANUP,Wig Touch Up,Satya Sai VFX studio,09/09/2026,,,,,,,
,,101,PEEL_101_SH_2670,,,CLEANUP,Wig Touch Up,Satya Sai VFX studio,09/09/2026,,,,,,,
,,101,PEEL_101_SH_2680,,,CLEANUP,Wig Touch Up,Satya Sai VFX studio,09/09/2026,,,,,,,
,,101,PEEL_101_SH_2690,,,CLEANUP,Wig Touch Up,Satya Sai VFX studio,09/09/2026,,,,,,,
,,101,PEEL_101_SH_2700,,,CLEANUP,Wig Touch Up,Satya Sai VFX studio,09/09/2026,,,,,,,
,,101,PEEL_101_SH_2710,,,CLEANUP,Wig Touch Up,Satya Sai VFX studio,09/09/2026,,,,,,,
,,101,PEEL_101_SH_2781,,,CLEANUP,"Crew Reflection on car
Wire Clean Up on Car Silencer",Satya Sai VFX studio,09/09/2026,,,,,,,
,,101,PEEL_101_SH_2790,,,CLEANUP,"Wig Touch Up
Reflection on Glass Ball
Skimmer Reflection",Satya Sai VFX studio,09/09/2026,,,,,,,
,,101,PEEL_101_SH_2800,,,CLEANUP,"Wig Touch Up
Background Crew Reflection (Screen left side)",Satya Sai VFX studio,09/09/2026,,,,,,,
,,101,PEEL_101_SH_2810,,,CLEANUP,"Shoot material cleanup (Left)
Mirror Clean Up (Right)",Satya Sai VFX studio,09/09/2026,,,,,,,
,,101,PEEL_101_SH_2820,,,CLEANUP,Wig Touch Up,Satya Sai VFX studio,09/09/2026,,,,,,,
,,101,PEEL_101_SH_2830,,,CLEANUP,"Wig Touch Up
Set Light Clean Up on Frame 212",Satya Sai VFX studio,09/09/2026,,,,,,,
,,101,PEEL_101_SH_2840,,,CLEANUP,Wig Touch Up,Satya Sai VFX studio,09/09/2026,,,,,,,
,,101,PEEL_101_SH_2850,,,CLEANUP,Wig Touch Up,Satya Sai VFX studio,09/09/2026,,,,,,,
,,101,PEEL_101_SH_2860,,,CLEANUP,Wig Touch Up,Satya Sai VFX studio,09/09/2026,,,,,,,
,,101,PEEL_101_SH_2870,,,CLEANUP,Wig Touch Up,Satya Sai VFX studio,09/09/2026,,,,,,,
,,101,PEEL_101_SH_2880,,,CLEANUP,Wig Touch Up,Satya Sai VFX studio,09/09/2026,,,,,,,
,,101,PEEL_101_SH_2882,,,CLEANUP,Wire clean up,Satya Sai VFX studio,09/09/2026,,,,,,,
,,101,PEEL_101_SH_2890,,,CLEANUP,Wig Touch Up,Satya Sai VFX studio,09/09/2026,,,,,,,
,,101,PEEL_101_SH_2900,,,CLEANUP,Wig Touch Up,Satya Sai VFX studio,09/09/2026,,,,,,,
,,101,PEEL_101_SH_2920,,,CLEANUP,Wig Touch Up,Satya Sai VFX studio,09/09/2026,,,,,,,
,,101,PEEL_101_SH_2930,,,CLEANUP,Wig Touch Up,Satya Sai VFX studio,09/09/2026,,,,,,,
,,101,PEEL_101_SH_2940,,,CLEANUP,Wig Touch Up,Satya Sai VFX studio,09/09/2026,,,,,,,
,,101,PEEL_101_SH_2950,,,CLEANUP,Wig Touch Up,Satya Sai VFX studio,09/09/2026,,,,,,,
,,101,PEEL_101_SH_2960,,,CLEANUP,Wig Touch Up,Satya Sai VFX studio,09/09/2026,,,,,,,
,,101,PEEL_101_SH_2970,,,CLEANUP,Wig Touch Up,Satya Sai VFX studio,09/09/2026,,,,,,,
,,101,PEEL_101_SH_2980,,,CLEANUP,Wig Touch Up,Satya Sai VFX studio,09/09/2026,,,,,,,
,,101,PEEL_101_SH_2990,,,CLEANUP,Wig Touch Up,Satya Sai VFX studio,09/09/2026,,,,,,,
,,101,PEEL_101_SH_3000,,,CLEANUP,Wig Touch Up,Satya Sai VFX studio,09/09/2026,,,,,,,
,,101,PEEL_101_SH_3010,,,CLEANUP,Wig Touch Up,Satya Sai VFX studio,09/09/2026,,,,,,,
,,101,PEEL_101_SH_3020,,,CLEANUP,Wig Touch Up,Satya Sai VFX studio,09/09/2026,,,,,,,
,,101,PEEL_101_SH_3030,,,CLEANUP,Wig Touch Up,Satya Sai VFX studio,09/09/2026,,,,,,,
,,101,PEEL_101_SH_3040,,,CLEANUP,Wig Touch Up,Satya Sai VFX studio,09/09/2026,,,,,,,
,,101,PEEL_101_SH_3050,,,CLEANUP,Wig Touch Up,Satya Sai VFX studio,09/09/2026,,,,,,,
,,101,PEEL_101_SH_3060,,,CLEANUP,Wig Touch Up,Satya Sai VFX studio,09/09/2026,,,,,,,
,,101,PEEL_101_SH_3070,,,CLEANUP,Wig Touch Up,Satya Sai VFX studio,09/09/2026,,,,,,,
,,101,PEEL_101_SH_3080,,,CLEANUP,Wig Touch Up,Satya Sai VFX studio,09/09/2026,,,,,,,
,,101,PEEL_101_SH_3590,,,CLEANUP,Wig Touch Up,Satya Sai VFX studio,09/09/2026,,,,,,,
,,101,PEEL_101_SH_3600,,,CLEANUP,Wig Touch Up,Satya Sai VFX studio,09/09/2026,,,,,,,
,,101,PEEL_101_SH_3610,,,CLEANUP,Wig Touch Up,Satya Sai VFX studio,09/09/2026,,,,,,,
,,101,PEEL_101_SH_3620,,,CLEANUP,Wig Touch Up,Satya Sai VFX studio,09/09/2026,,,,,,,
,,101,PEEL_101_SH_3630,,,CLEANUP,Wig Touch Up,Satya Sai VFX studio,09/09/2026,,,,,,,
,,101,PEEL_101_SH_3640,,,CLEANUP,Wig Touch Up,Satya Sai VFX studio,09/09/2026,,,,,,,
,,101,PEEL_101_SH_3650,,,CLEANUP,Wig Touch Up,Satya Sai VFX studio,09/09/2026,,,,,,,
,,101,PEEL_101_SH_3660,,,CLEANUP,Wig Touch Up,Satya Sai VFX studio,09/09/2026,,,,,,,
,,101,PEEL_101_SH_3670,,,CLEANUP,Wig Touch Up,Satya Sai VFX studio,09/09/2026,,,,,,,
,,101,PEEL_101_SH_3680,,,CLEANUP,Wig Touch Up,Satya Sai VFX studio,09/09/2026,,,,,,,
,,101,PEEL_101_SH_3690,,,CLEANUP,Wig Touch Up,Satya Sai VFX studio,09/09/2026,,,,,,,
,,101,PEEL_101_SH_3700,,,CLEANUP,Wig Touch Up,Satya Sai VFX studio,09/09/2026,,,,,,,
,,101,PEEL_101_SH_3710,,,CLEANUP,Wig Touch Up,Satya Sai VFX studio,09/09/2026,,,,,,,
,,101,PEEL_101_SH_3720,,,CLEANUP,Wig Touch Up,Satya Sai VFX studio,09/09/2026,,,,,,,
,,101,PEEL_101_SH_3730,,,CLEANUP,Wig Touch Up,Satya Sai VFX studio,09/09/2026,,,,,,,
,,101,PEEL_101_SH_3750,,,CLEANUP,Wig Touch Up,Satya Sai VFX studio,09/09/2026,,,,,,,
,,101,PEEL_101_SH_3760,,,CLEANUP,Wig Touch Up,Satya Sai VFX studio,09/09/2026,,,,,,,
,,101,PEEL_101_SH_3780,,,CLEANUP,Wig Touch Up,Satya Sai VFX studio,09/09/2026,,,,,,,
,,101,PEEL_101_SH_3790,,,CLEANUP,Wig Touch Up,Satya Sai VFX studio,09/09/2026,,,,,,,
,,101,PEEL_101_SH_3800,,,CLEANUP,Wig Touch Up,Satya Sai VFX studio,09/09/2026,,,,,,,
,,101,PEEL_101_SH_3810,,,CLEANUP,"Wig Touch Up
Vehicle Number Plates Clean Up
Brand Clean up",Satya Sai VFX studio,09/09/2026,,,,,,,
,,101,PEEL_101_SH_3820,,,CLEANUP,Wig Touch Up,Satya Sai VFX studio,09/09/2026,,,,,,,
,,101,PEEL_101_SH_3830,,,CLEANUP,Wig Touch Up,Satya Sai VFX studio,09/09/2026,,,,,,,
,,101,PEEL_101_SH_3840,,,CLEANUP,Wig Touch Up,Satya Sai VFX studio,09/09/2026,,,,,,,
,,101,PEEL_101_SH_3850,,,CLEANUP,Wig Touch Up,Satya Sai VFX studio,09/09/2026,,,,,,,
,,101,PEEL_101_SH_3860,,,CLEANUP,Wig Touch Up,Satya Sai VFX studio,09/09/2026,,,,,,,
,,101,PEEL_101_SH_3870,,,CLEANUP,Wig Touch Up,Satya Sai VFX studio,09/09/2026,,,,,,,
,,101,PEEL_101_SH_3880,,,CLEANUP,Wig Touch Up,Satya Sai VFX studio,09/09/2026,,,,,,,
,,101,PEEL_101_SH_3890,,,CLEANUP,Wig Touch Up,Satya Sai VFX studio,09/09/2026,,,,,,,
,,101,PEEL_101_SH_3900,,,CLEANUP,Wig Touch Up,Satya Sai VFX studio,09/09/2026,,,,,,,
,,101,PEEL_101_SH_3910,,,CLEANUP,Wig Touch Up,Satya Sai VFX studio,09/09/2026,,,,,,,
,,101,PEEL_101_SH_3930,,,CLEANUP,Wig Touch Up,Satya Sai VFX studio,09/09/2026,,,,,,,
,,101,PEEL_101_SH_3940,,,CLEANUP,Wig Touch Up,Satya Sai VFX studio,09/09/2026,,,,,,,
,,101,PEEL_101_SH_3950,,,CLEANUP,Wig Touch Up,Satya Sai VFX studio,09/09/2026,,,,,,,
,,101,PEEL_101_SH_3960,,,CLEANUP,Wig Touch Up,Satya Sai VFX studio,09/09/2026,,,,,,,
,,101,PEEL_101_SH_3970,,,CLEANUP,Wig Touch Up,Satya Sai VFX studio,09/09/2026,,,,,,,
,,101,PEEL_101_SH_3980,,,CLEANUP,Wig Touch Up,Satya Sai VFX studio,09/09/2026,,,,,,,
,,101,PEEL_101_SH_3990,,,CLEANUP,Wig Touch Up,Satya Sai VFX studio,09/09/2026,,,,,,,
,,101,PEEL_101_SH_4000,,,CLEANUP,Wig Touch Up,Satya Sai VFX studio,09/09/2026,,,,,,,
,,101,PEEL_101_SH_4010,,,CLEANUP,Wig Touch Up,Satya Sai VFX studio,09/09/2026,,,,,,,
,,101,PEEL_101_SH_4020,,,CLEANUP,Wig Touch Up,Satya Sai VFX studio,09/09/2026,,,,,,,
,,101,PEEL_101_SH_4030,,,CLEANUP,Wig Touch Up,Satya Sai VFX studio,09/09/2026,,,,,,,
,,101,PEEL_101_SH_4040,,,CLEANUP,Wig Touch Up,Satya Sai VFX studio,09/09/2026,,,,,,,
,,101,PEEL_101_SH_4050,,,CLEANUP,Wig Touch Up,Satya Sai VFX studio,09/09/2026,,,,,,,
,,101,PEEL_101_SH_4060,,,CLEANUP,Wig Touch Up,Satya Sai VFX studio,09/09/2026,,,,,,,
,,101,PEEL_101_SH_4070,,,CLEANUP,Wig Touch Up,Satya Sai VFX studio,09/09/2026,,,,,,,
,,101,PEEL_101_SH_4080,,,CLEANUP,Wig Touch Up,Satya Sai VFX studio,09/09/2026,,,,,,,
,,101,PEEL_101_SH_4090,,,CLEANUP,Wig Touch Up,Satya Sai VFX studio,09/09/2026,,,,,,,
,,101,PEEL_101_SH_4100,,,CLEANUP,Wig Touch Up,Satya Sai VFX studio,09/09/2026,,,,,,,
,,101,PEEL_101_SH_4110,,,CLEANUP,Wig Touch Up,Satya Sai VFX studio,09/09/2026,,,,,,,
,,101,PEEL_101_SH_4120,,,CLEANUP,Wig Touch Up,Satya Sai VFX studio,09/09/2026,,,,,,,
,,101,PEEL_101_SH_4130,,,CLEANUP,Wig Touch Up,Satya Sai VFX studio,09/09/2026,,,,,,,
,,101,PEEL_101_SH_4140,,,CLEANUP,Wig Touch Up,Satya Sai VFX studio,09/09/2026,,,,,,,
,,101,PEEL_101_SH_4150,,,CLEANUP,Wig Touch Up,Satya Sai VFX studio,09/09/2026,,,,,,,
,,101,PEEL_101_SH_4160,,,CLEANUP,Wig Touch Up,Satya Sai VFX studio,09/09/2026,,,,,,,
,,101,PEEL_101_SH_4170,,,CLEANUP,Wig Touch Up,Satya Sai VFX studio,09/09/2026,,,,,,,
,,101,PEEL_101_SH_4180,,,CLEANUP,Wig Touch Up,Satya Sai VFX studio,09/09/2026,,,,,,,
,,101,PEEL_101_SH_4190,,,CLEANUP,Wig Touch Up,Satya Sai VFX studio,09/09/2026,,,,,,,
,,101,PEEL_101_SH_4281,,,CLEANUP,Wig Touch Up,Satya Sai VFX studio,09/09/2026,,,,,,,
,,101,PEEL_101_SH_4290,,,CLEANUP,Wig Touch Up,Satya Sai VFX studio,09/09/2026,,,,,,,
,,101,PEEL_101_SH_4300,,,CLEANUP,Wig Touch Up,Satya Sai VFX studio,09/09/2026,,,,,,,
,,101,PEEL_101_SH_4310,,,CLEANUP,Wig Touch Up,Satya Sai VFX studio,09/09/2026,,,,,,,
,,101,PEEL_101_SH_4320,,,CLEANUP,Wig Touch Up,Satya Sai VFX studio,09/09/2026,,,,,,,
,,101,PEEL_101_SH_4330,,,CLEANUP,Wig Touch Up,Satya Sai VFX studio,09/09/2026,,,,,,,
,,101,PEEL_101_SH_4340,,,CLEANUP,Wig Touch Up,Satya Sai VFX studio,09/09/2026,,,,,,,
,,101,PEEL_101_SH_4350,,,CLEANUP,Wig Touch Up,Satya Sai VFX studio,09/09/2026,,,,,,,
,,101,PEEL_101_SH_4360,,,CLEANUP,Wig Touch Up,Satya Sai VFX studio,09/09/2026,,,,,,,
,,101,PEEL_101_SH_4370,,,CLEANUP,Wig Touch Up,Satya Sai VFX studio,09/09/2026,,,,,,,
,,101,PEEL_101_SH_4380,,,CLEANUP,Wig Touch Up,Satya Sai VFX studio,09/09/2026,,,,,,,
,,101,PEEL_101_SH_4390,,,CLEANUP,Wig Touch Up,Satya Sai VFX studio,09/09/2026,,,,,,,
,,101,PEEL_101_SH_4400,,,CLEANUP,Wig Touch Up,Satya Sai VFX studio,09/09/2026,,,,,,,
,,101,PEEL_101_SH_4410,,,CLEANUP,Wig Touch Up,Satya Sai VFX studio,09/09/2026,,,,,,,
,,101,PEEL_101_SH_4420,,,CLEANUP,Wig Touch Up,Satya Sai VFX studio,09/09/2026,,,,,,,
,,101,PEEL_101_SH_4430,,,CLEANUP,Wig Touch Up,Satya Sai VFX studio,09/09/2026,,,,,,,
,,101,PEEL_101_SH_4440,,,CLEANUP,Wig Touch Up,Satya Sai VFX studio,09/09/2026,,,,,,,
,,101,PEEL_101_SH_4450,,,CLEANUP,Wig Touch Up,Satya Sai VFX studio,09/09/2026,,,,,,,
,,101,PEEL_101_SH_4470,,,CLEANUP,Wig Touch Up,Satya Sai VFX studio,09/09/2026,,,,,,,
,,101,PEEL_101_SH_4480,,,CLEANUP,Wig Touch Up,Satya Sai VFX studio,09/09/2026,,,,,,,
,,101,PEEL_101_SH_4490,,,CLEANUP,Wig Touch Up,Satya Sai VFX studio,09/09/2026,,,,,,,
,,101,PEEL_101_SH_4500,,,CLEANUP,Wig Touch Up,Satya Sai VFX studio,09/09/2026,,,,,,,
,,101,PEEL_101_SH_4510,,,CLEANUP,Wig Touch Up,Satya Sai VFX studio,09/09/2026,,,,,,,
,,101,PEEL_101_SH_4520,,,CLEANUP,Wig Touch Up,Satya Sai VFX studio,09/09/2026,,,,,,,
,,101,PEEL_101_SH_4530,,,CLEANUP,Wig Touch Up,Satya Sai VFX studio,09/09/2026,,,,,,,
,,101,PEEL_101_SH_4540,,,CLEANUP,Wig Touch Up,Satya Sai VFX studio,09/09/2026,,,,,,,
,,101,PEEL_101_SH_4550,,,CLEANUP,Wig Touch Up,Satya Sai VFX studio,09/09/2026,,,,,,,
,,101,PEEL_101_SH_4560,,,CLEANUP,Wig Touch Up,Satya Sai VFX studio,09/09/2026,,,,,,,
,,101,PEEL_101_SH_4570,,,CLEANUP,Wig Touch Up,Satya Sai VFX studio,09/09/2026,,,,,,,
,,101,PEEL_101_SH_4700,,,CLEANUP,Wig Touch Up,Satya Sai VFX studio,09/09/2026,,,,,,,
,,101,PEEL_101_SH_4710,,,CLEANUP,Wig Touch Up,Satya Sai VFX studio,09/09/2026,,,,,,,
,,101,PEEL_101_SH_4720,,,CLEANUP,Wig Touch Up,Satya Sai VFX studio,09/09/2026,,,,,,,
,,101,PEEL_101_SH_4730,,,CLEANUP,Wig Touch Up,Satya Sai VFX studio,09/09/2026,,,,,,,
,,101,PEEL_101_SH_4770,,,CLEANUP,Wig Touch Up,Satya Sai VFX studio,09/09/2026,,,,,,,
,,101,PEEL_101_SH_4780,,,CLEANUP,Wig Touch Up,Satya Sai VFX studio,09/09/2026,,,,,,,
,,101,PEEL_101_SH_4790,,,CLEANUP,Wig Touch Up,Satya Sai VFX studio,09/09/2026,,,,,,,
,,101,PEEL_101_SH_4800,,,CLEANUP,Wig Touch Up,Satya Sai VFX studio,09/09/2026,,,,,,,
,,101,PEEL_101_SH_4810,,,CLEANUP,Wig Touch Up,Satya Sai VFX studio,09/09/2026,,,,,,,
,,101,PEEL_101_SH_4830,,,CLEANUP,Wig Touch Up,Satya Sai VFX studio,09/09/2026,,,,,,,
,,101,PEEL_101_SH_4840,,,CLEANUP,Glass Reflection,Satya Sai VFX studio,09/09/2026,,,,,,,
,,101,PEEL_101_SH_4850,,,CLEANUP,Wig Touch Up,Satya Sai VFX studio,09/09/2026,,,,,,,
,,101,PEEL_101_SH_4860,,,CLEANUP,Glass Reflection,Satya Sai VFX studio,09/09/2026,,,,,,,
,,101,PEEL_101_SH_4870,,,CLEANUP,Wig Touch Up,Satya Sai VFX studio,09/09/2026,,,,,,,
,,101,PEEL_101_SH_4880,,,CLEANUP,Glass Reflection,Satya Sai VFX studio,09/09/2026,,,,,,,
,,101,PEEL_101_SH_4890,,,CLEANUP,Wig Touch Up,Satya Sai VFX studio,09/09/2026,,,,,,,
,,101,PEEL_101_SH_4930,,,CLEANUP,"People and Crew Clean Up
Wig Touch Up",Satya Sai VFX studio,09/09/2026,,,,,,,
,,101,PEEL_101_SH_4940,,,CLEANUP,Crew Clean Up in the Yatch,Satya Sai VFX studio,09/09/2026,,,,,,,
,,101,PEEL_101_SH_4950,,,CLEANUP,Reflection Clean up on glass,Satya Sai VFX studio,09/09/2026,,,,,,,
,,101,PEEL_101_SH_4960,,,CLEANUP,Reflection Clean up on glass,Satya Sai VFX studio,09/09/2026,,,,,,,
,,101,PEEL_101_SH_4970,,,CLEANUP,"Reflection Clean up on glass
Wig Touch Up",Satya Sai VFX studio,09/09/2026,,,,,,,
,,101,PEEL_101_SH_4990,,,CLEANUP,Reflection Clean up on glass,Satya Sai VFX studio,09/09/2026,,,,,,,
,,101,PEEL_101_SH_5000,,,CLEANUP,"Crew Clean up on the yatch
Red Boat Clean Up",Satya Sai VFX studio,09/09/2026,,,,,,,
,,101,PEEL_101_SH_5010,,,CLEANUP,Reflection Clean up on glass,Satya Sai VFX studio,09/09/2026,,,,,,,
,,101,PEEL_101_SH_5030,,,CLEANUP,Wig Touch Up,Satya Sai VFX studio,09/09/2026,,,,,,,
,,101,PEEL_101_SH_5040,,,CLEANUP,Wig Touch Up,Satya Sai VFX studio,09/09/2026,,,,,,,
,,101,PEEL_101_SH_5050,,,CLEANUP,Wig Touch Up,Satya Sai VFX studio,09/09/2026,,,,,,,
,,101,PEEL_101_SH_5060,,,CLEANUP,Reflection on glass,Satya Sai VFX studio,09/09/2026,,,,,,,
,,101,PEEL_101_SH_5070,,,CLEANUP,Wig Touch Up,Satya Sai VFX studio,09/09/2026,,,,,,,
,,101,PEEL_101_SH_5080,,,CLEANUP,Reflection on glass,Satya Sai VFX studio,09/09/2026,,,,,,,
,,101,PEEL_101_SH_5090,,,CLEANUP,Wig Touch Up,Satya Sai VFX studio,09/09/2026,,,,,,,
,,101,PEEL_101_SH_5100,,,CLEANUP,Reflection on glass,Satya Sai VFX studio,09/09/2026,,,,,,,
,,101,PEEL_101_SH_5110,,,CLEANUP,Wig Touch Up,Satya Sai VFX studio,09/09/2026,,,,,,,
,,101,PEEL_101_SH_5120,,,CLEANUP,Reflection on glass,Satya Sai VFX studio,09/09/2026,,,,,,,
,,101,PEEL_101_SH_5130,,,CLEANUP,Wig Touch Up,Satya Sai VFX studio,09/09/2026,,,,,,,
,,101,PEEL_101_SH_5140,,,CLEANUP,Reflection on glass,Satya Sai VFX studio,09/09/2026,,,,,,,
,,101,PEEL_101_SH_5150,,,CLEANUP,Wig Touch Up,Satya Sai VFX studio,09/09/2026,,,,,,,
,,101,PEEL_101_SH_5160,,,CLEANUP,Reflection on glass,Satya Sai VFX studio,09/09/2026,,,,,,,
,,101,PEEL_101_SH_5170,,,CLEANUP,Wig Touch Up,Satya Sai VFX studio,09/09/2026,,,,,,,
,,101,PEEL_101_SH_5180,,,CLEANUP,Reflection on glass,Satya Sai VFX studio,09/09/2026,,,,,,,
,,101,PEEL_101_SH_5190,,,CLEANUP,Reflection on glass,Satya Sai VFX studio,09/09/2026,,,,,,,
,,101,PEEL_101_SH_5200,,,CLEANUP,Wig Touch Up,Satya Sai VFX studio,09/09/2026,,,,,,,
,,101,PEEL_101_SH_5210,,,CLEANUP,Reflection on glass,Satya Sai VFX studio,09/09/2026,,,,,,,
,,101,PEEL_101_SH_5220,,,CLEANUP,Wig Touch Up,Satya Sai VFX studio,09/09/2026,,,,,,,
,,101,PEEL_101_SH_5230,,,CLEANUP,Reflection on glass,Satya Sai VFX studio,09/09/2026,,,,,,,
,,101,PEEL_101_SH_5240,,,CLEANUP,Wig Touch Up,Satya Sai VFX studio,09/09/2026,,,,,,,
,,101,PEEL_101_SH_5250,,,CLEANUP,Reflection on glass,Satya Sai VFX studio,09/09/2026,,,,,,,
,,101,PEEL_101_SH_5260,,,CLEANUP,Reflection on glass,Satya Sai VFX studio,09/09/2026,,,,,,,
,,101,PEEL_101_SH_5270,,,CLEANUP,Wig Touch Up,Satya Sai VFX studio,09/09/2026,,,,,,,
,,101,PEEL_101_SH_5280,,,CLEANUP,Reflection on glass,Satya Sai VFX studio,09/09/2026,,,,,,,
,,101,PEEL_101_SH_5290,,,CLEANUP,Wig Touch Up,Satya Sai VFX studio,09/09/2026,,,,,,,
,,101,PEEL_101_SH_5300,,,CLEANUP,Reflection on glass,Satya Sai VFX studio,09/09/2026,,,,,,,
,,101,PEEL_101_SH_5310,,,CLEANUP,Wig Touch Up,Satya Sai VFX studio,09/09/2026,,,,,,,
,,101,PEEL_101_SH_5320,,,CLEANUP,Reflection on glass,Satya Sai VFX studio,09/09/2026,,,,,,,
,,101,PEEL_101_SH_5340,,,CLEANUP,Wig Touch Up,Satya Sai VFX studio,09/09/2026,,,,,,,
,,101,PEEL_101_SH_5350,,,CLEANUP,Wig Touch Up,Satya Sai VFX studio,09/09/2026,,,,,,,
,,101,PEEL_101_SH_5360,,,CLEANUP,"Wig Touch Up
",Satya Sai VFX studio,09/09/2026,,,,,,,
,,101,PEEL_101_SH_5370,,,CLEANUP,"Wig Touch Up
",Satya Sai VFX studio,09/09/2026,,,,,,,
